{"apple_freshapples": {"precision": 0.9357142857142857, "recall": 0.9225352112676056, "f1-score": 0.9290780141843972, "support": 142.0}, "apple_rottenapples": {"precision": 0.9156626506024096, "recall": 0.8888888888888888, "f1-score": 0.9020771513353115, "support": 171.0}, "avocado_fresh avocado": {"precision": 1.0, "recall": 1.0, "f1-score": 1.0, "support": 33.0}, "avocado_rotten avocado": {"precision": 1.0, "recall": 1.0, "f1-score": 1.0, "support": 93.0}, "banana_freshbanana": {"precision": 0.8918918918918919, "recall": 0.9705882352941176, "f1-score": 0.9295774647887324, "support": 102.0}, "banana_rottenbanana": {"precision": 0.9904761904761905, "recall": 0.9719626168224299, "f1-score": 0.9811320754716981, "support": 107.0}, "blackberry_freshBlackberry": {"precision": 1.0, "recall": 1.0, "f1-score": 1.0, "support": 26.0}, "blackberry_rottenBlackberry": {"precision": 1.0, "recall": 1.0, "f1-score": 1.0, "support": 45.0}, "cherry_fresh cherry": {"precision": 0.7468354430379747, "recall": 1.0, "f1-score": 0.855072463768116, "support": 59.0}, "cherry_rotten cherry": {"precision": 0.9666666666666667, "recall": 0.6744186046511628, "f1-score": 0.7945205479452054, "support": 43.0}, "grapes_fresh grapes": {"precision": 0.7297297297297297, "recall": 0.8709677419354839, "f1-score": 0.7941176470588235, "support": 31.0}, "grapes_rotten grapes": {"precision": 0.84, "recall": 0.875, "f1-score": 0.8571428571428571, "support": 24.0}, "kiwi_fresh kiwi": {"precision": 0.95, "recall": 0.926829268292683, "f1-score": 0.9382716049382716, "support": 41.0}, "kiwi_rotten kiwi": {"precision": 0.9666666666666667, "recall": 0.9354838709677419, "f1-score": 0.9508196721311475, "support": 31.0}, "mango_fresh mango": {"precision": 0.8717948717948718, "recall": 0.85, "f1-score": 0.8607594936708861, "support": 40.0}, "mango_rotten mango": {"precision": 0.9705882352941176, "recall": 0.8461538461538461, "f1-score": 0.9041095890410958, "support": 39.0}, "orange_freshoranges": {"precision": 0.8723404255319149, "recall": 0.9213483146067416, "f1-score": 0.8961748633879781, "support": 89.0}, "orange_rottenoranges": {"precision": 0.9230769230769231, "recall": 0.8108108108108109, "f1-score": 0.8633093525179856, "support": 74.0}, "strawberry_fresh strawberry": {"precision": 0.9795918367346939, "recall": 0.96, "f1-score": 0.9696969696969697, "support": 50.0}, "strawberry_rotten strawberry": {"precision": 0.92, "recall": 0.8846153846153846, "f1-score": 0.9019607843137255, "support": 26.0}, "accuracy": 0.9210110584518167, "macro avg": {"precision": 0.923551790860917, "recall": 0.9154801397153449, "f1-score": 0.91639102756966, "support": 1266.0}, "weighted avg": {"precision": 0.9259891242793004, "recall": 0.9210110584518167, "f1-score": 0.9210114708479453, "support": 1266.0}}