{"apple_freshapples": {"precision": 0.9389312977099237, "recall": 0.9461538461538461, "f1-score": 0.9425287356321839, "support": 130.0}, "apple_rottenapples": {"precision": 0.8894736842105263, "recall": 0.9184782608695652, "f1-score": 0.9037433155080213, "support": 184.0}, "avocado_fresh avocado": {"precision": 0.918918918918919, "recall": 1.0, "f1-score": 0.9577464788732394, "support": 34.0}, "avocado_rotten avocado": {"precision": 1.0, "recall": 1.0, "f1-score": 1.0, "support": 92.0}, "banana_freshbanana": {"precision": 0.9642857142857143, "recall": 0.9557522123893806, "f1-score": 0.96, "support": 113.0}, "banana_rottenbanana": {"precision": 0.9263157894736842, "recall": 0.946236559139785, "f1-score": 0.9361702127659575, "support": 93.0}, "blackberry_freshBlackberry": {"precision": 1.0, "recall": 0.9333333333333333, "f1-score": 0.9655172413793104, "support": 30.0}, "blackberry_rottenBlackberry": {"precision": 1.0, "recall": 1.0, "f1-score": 1.0, "support": 38.0}, "orange_freshoranges": {"precision": 0.9024390243902439, "recall": 0.925, "f1-score": 0.9135802469135802, "support": 80.0}, "orange_rottenoranges": {"precision": 0.9577464788732394, "recall": 0.8292682926829268, "f1-score": 0.8888888888888888, "support": 82.0}, "accuracy": 0.9383561643835616, "macro avg": {"precision": 0.9498110907862252, "recall": 0.9454222504568838, "f1-score": 0.9468175119961183, "support": 876.0}, "weighted avg": {"precision": 0.9392802022767509, "recall": 0.9383561643835616, "f1-score": 0.9382026731026696, "support": 876.0}}